Category	Item																								
Breakfast & Baked Goods (Served by the Dozen)	GF Pumpkin Chocolate Chip Oatmeal Bars with oats, cinnamon, nutmeg, pumpkin, coconut oil, maple syrup, coconut sugar & vanilla																								
Breakfast & Baked Goods (Served by the Dozen)	Apple Cinnamon Crumb Muffins with A.P. Flour, cinnamon, butter, brown sugar, eggs, yogurt, vanilla, milk & chopped apple																								
Breakfast & Baked Goods (Served by the Dozen)	GF Refined Sugar Free, Breakfast Cookies with oats, cinnamon, almond butter, maple syrup, apple butter, banana, dried cranberries, pumpkin seeds & raisins																								
Breakfast & Baked Goods (Served by the Dozen)	Egg Muffin Cups with onion, red pepper, ham & cheddar cheese																								
Dips (Served by the Batch)	Garlic Basil White Bean Hummus with cannellini beans, garlic, lemon, basil & olive oil																								
Dips (Served by the Batch)	Classic Hummus with tahini, lemon, garlic, chickpeas, sriracha & cumin																								
Soups (6-8 Servings)	Minestrone Soup with carrots, celery, onions, garlic, tomatoes, kidney beans, cannellini beans, zucchini, green beans, ditalini pasta & Parmesan cheese																								
Soups (6-8 Servings)	Herby Chicken Orzo Soup with onion, leeks, celery, carrots, garlic, turmeric, dill, parsley & lemon																								
Kids/Comfort Foods (Served with peas & carrots) (Please Specify Serving Amounts)	Chicken Schnitzel & Roasted Baby Potatoes																								
Kids/Comfort Foods (Served with peas & carrots) (Please Specify Serving Amounts)	Meatloaf & Mashed Potatoes																								
Kids/Comfort Foods (Served with peas & carrots) (Please Specify Serving Amounts)	Lamb Kofta with garlic sauce, tomatoes, shredded lettuce & pita bread																								
Kids/Comfort Foods (Served with peas & carrots) (Please Specify Serving Amounts)	Chicken Enchiladas																								
Lunch Bowls & Salads (Please Specify Serving Amounts)	Greek Salmon Bowl over basmati rice with cherry tomatoes, cucumber, Kalamata olives, greens & tzatziki																								
Lunch Bowls & Salads (Please Specify Serving Amounts)	Buffalo Chicken Bowl with cauliflower garlic rice, cherry tomatoes, cucumber & creamy dill sauce																								
Lunch Bowls & Salads (Please Specify Serving Amounts)	Chickpea Quinoa Salad with tomato, cucumber, red onion, parsley, avocado, pistachios & a cumin tahini dressing																								
Lunch Bowls & Salads (Please Specify Serving Amounts)	Broccoli Crunch Salad with cucumber, red onion, shaved Parmesan, crumbled bacon & an apple cider vinaigrette																								
Main Dishes (Please Specify Serving Amounts)	Braised Pork Over Mashed Potatoes with sauerkraut & apples																								
Main Dishes (Please Specify Serving Amounts)	Puerto Rican Chicken & Rice with cumin, paprika, chili powder, onion garlic, coriander, sofrito rice with garlic onion, green pepper, cumin, turmeric, oregano & peas																								
Main Dishes (Please Specify Serving Amounts)	Mediterranean Baked White Fish with lemon, cherry tomatoes, olives, red onion, garlic, thyme & oregano over Greek lemon rice & grilled asparagus																								
Main Dishes (Please Specify Serving Amounts)	Filet Mignon, Roasted Baby Potatoes & garlicky green beans																								
Main Dishes (Please Specify Serving Amounts)	Thai Inspired Peanut Coconut Cauliflower Chickpea Curry with red peppers, peas, garlic, ginger, scallions, carrot over coconut rice																								
																									
																									
																									
																									
																									
																									
																									
																									
																									
																									
																									
																									
																									
																									
																									
																									
																									
																									
																									
																									
																									
																									
																									
																									
																									
																									
																									
																									
																									
																									
																									
																									
																									
																									
																									
																									
																									
																									
																									
																									
																									
																									
																									
																									
																									
																									
																									
																									
																									
																									
																									
																									
																									
																									
																									
																									
																									
																									
																									
																									
																									
																									
																									
																									
																									
																									
																									
																									
																									
																									
																									
																									
																									
																									
																									
																									
																									
																									
																									
																									
																									
																									
																									
																									
																									
																									
																									
																									
																									
																									
																									
																									
																									
																									
																									
																									
																									
																									
																									
																									
																									
																									
																									
																									
																									
																									
																									
																									
																									
																									
																									
																									
																									
																									
																									
																									
																									
																									
																									
																									
																									
																									
																									
																									
																									
																									
																									
																									
																									
																									
																									
																									
																									
																									
																									
																									
																									
																									
																									
																									
																									
																									
																									
																									
																									
																									
																									
																									
																									
																									
																									
																									
																									
																									
																									
																									
																									
																									
																									
																									
																									
																									
																									
																									
																									
																									
																									
																									
																									
																									
																									
																									
																									
																									
																									
																									
																									
																									
																									
																									
																									
																									
																									
																									
																									
																									
																									
																									
																									
																									
																									
																									
																									
																									
																									
																									
																									
																									
																									
																									
																									
																									
																									
																									
																									
																									
																									
																									
																									
																									
																									
																									
																									
																									
																									
																									
																									
																									
																									
																									
																									
																									
																									
																									
																									
																									
																									
																									
																									
																									
																									
																									
																									
																									
																									
																									
																									
																									
																									
																									
																									
																									
																									
																									
																									
																									
																									
																									
																									
																									
																									
																									
																									
																									
																									
																									
																									
																									
																									
																									
																									
																									
																									
																									
																									
																									
																									
																									
																									
																									
																									
																									
																									
																									
																									
																									
																									
																									
																									
																									
																									
																									
																									
																									
																									
																									
																									
																									
																									
																									
																									
																									
																									
																									
																									
																									
																									
																									
																									
																									
																									
																									
																									
																									
																									
																									
																									
																									
																									
																									
																									
																									
																									
																									
																									
																									
																									
																									
																									
																									
																									
																									
																									
																									
																									
																									
																									
																									
																									
																									
																									
																									
																									
																									
																									
																									
																									
																									
																									
																									
																									
																									
																									
																									
																									
																									
																									
																									
																									
																									
																									
																									
																									
																									
																									
																									
																									
																									
																									
																									
																									
																									
																									
																									
																									
																									
																									
																									
																									
																									
																									
																									
																									
																									
																									
																									
																									
																									
																									
																									
																									
																									
																									
																									
																									
																									
																									
																									
																									
																									
																									
																									
																									
																									
																									
																									
																									
																									
																									
																									
																									
																									
																									
																									
																									
																									
																									
																									
																									
																									
																									
																									
																									
																									
																									
																									
																									
																									
																									
																									
																									
																									
																									
																									
																									
																									
																									
																									
																									
																									
																									
																									
																									
																									
																									
																									
																									
																									
																									
																									
																									
																									
																									
																									
																									
																									
																									
																									
																									
																									
																									
																									
																									
																									
																									
																									
																									
																									
																									
																									
																									
																									
																									
																									
																									
																									
																									
																									
																									
																									
																									
																									
																									
																									
																									
																									
																									
																									
																									
																									
																									
																									
																									
																									
																									
																									
																									
																									
																									
																									
																									
																									
																									
																									
																									
																									
																									
																									
																									
																									
																									
																									
																									
																									
																									
																									
																									
																									
																									
																									
																									
																									
																									
																									
																									
																									
																									
																									
																									
																									
																									
																									
																									
																									
																									
																									
																									
																									
																									
																									
																									
																									
																									
																									
																									
																									
																									
																									
																									
																									
																									
																									
																									
																									
																									
																									
																									
																									
																									
																									
																									
																									
																									
																									
																									
																									
																									
																									
																									
																									
																									
																									
																									
																									
																									
																									
																									
																									
																									
																									
																									
																									
																									
																									
																									
																									
																									
																									
																									
																									
																									
																									
																									
																									
																									
																									
																									
																									
																									
																									
																									
																									
																									
																									
																									
																									
																									
																									
																									
																									
																									
																									
																									
																									
																									
																									
																									
																									
																									
																									
																									
																									
																									
																									
																									
																									
																									
																									
																									
																									
																									
																									
																									
																									
																									
																									
																									
																									
																									
																									
																									
																									
																									
																									
																									
																									
																									
																									
																									
																									
																									
																									
																									
																									
																									
																									
																									
																									
																									
																									
																									
																									
																									
																									
																									
																									
																									
																									
																									
																									
																									
																									
																									
																									
																									
																									
																									
																									
																									
																									
																									
																									
																									
																									
																									
																									
																									
																									
																									
																									
																									
																									
																									
																									
																									
																									
																									
																									
																									
																									
																									
																									
																									
																									
																									
																									
																									
																									
																									
																									
																									
																									
																									
																									
																									
																									
																									
																									
																									
																									
																									
																									
																									
																									
																									
																									
																									
																									
																									
																									
																									
																									
																									
																									
																									
																									
																									
																									
																									
																									
																									
																									
																									
																									
																									
																									
																									
																									
																									
																									
																									
																									
																									
																									
																									
																									
																									
																									
																									
																									
																									
																									
																									
																									
																									
																									
																									
																									
																									
																									
																									
																									
																									
																									
																									
																									
																									
																									
																									
																									
																									
																									
																									
																									
																									
																									
																									
																									
																									
																									
																									
																									
																									
																									
																									
																									
																									
																									
																									
																									
																									
																									
																									
																									
																									
																									
																									
																									
																									
																									
																									
																									
																									
																									
																									
																									
																									
																									
																									
																									
																									
																									
																									
																									
																									
																									
																									
																									
																									
																									
																									
																									
																									
																									
																									
																									
																									
																									
																									
																									
																									
																									
																									
																									
																									
																									
																									
																									
																									
																									
																									
																									
																									
																									
																									
																									
																									
																									
																									
																									
																									
																									
																									
																									
																									
																									
																									
																									
																									
																									
																									
																									
																									
																									
																									
																									
																									
																									
																									
																									
																									
																									
																									
																									
																									
																									
																									
																									
																									
																									
																									
																									
																									
																									
																									
																									
																									
																									
																									
																									
																									
																									
																									
																									
																									
																									
																									
																									
																									
																									
																									
																									
																									
																									
																									
																									
																									
																									
																									
																									
																									
																									
																									
																									
																									
																									
																									
																									
																									
																									
																									
																									
																									
																									
																									
																									
																									
																									
																									
																									
																									
																									
																									
																									
																									
																									
																									
																									
																									
																									
																									
																									
																									
																									
																									
																									
																									
																									
																									
																									
																									
																									
																									
																									
																									
																									
																									
																									
																									
																									
																									
																									
																									
																									
																									
																									
																									
																									
																									
																									
																									
																									
																									
																									
																									
																									
																									
																									
